<?xml version="1.0" encoding="UTF-8"?>
<beans xmlns="http://www.springframework.org/schema/beans"
	xmlns:xsi="http://www.w3.org/2001/XMLSchema-instance" xmlns:context="http://www.springframework.org/schema/context"
	xmlns:mvc="http://www.springframework.org/schema/mvc" xmlns:p="http://www.springframework.org/schema/p"
	xsi:schemaLocation="http://www.springframework.org/schema/beans http://www.springframework.org/schema/beans/spring-beans-4.0.xsd
		http://www.springframework.org/schema/context http://www.springframework.org/schema/context/spring-context-4.0.xsd
		http://www.springframework.org/schema/mvc http://www.springframework.org/schema/mvc/spring-mvc-4.0.xsd">

	<!-- top enable class internal annotations -->
	<context:annotation-config />
	<context:component-scan base-package="com.app" />
	
	<context:property-placeholder location="classpath:/database.properties"/>
	
	<!-- to enable annotation based handler mapping -->
	<mvc:annotation-driven />
	
	<mvc:view-controller path="/" view-name="index"/>
	<!-- order of 2 mvc:resources is important don't swap it -->
	<mvc:resources location="${image_path}" mapping="/upload_images/**"/>
	
	
	<mvc:resources location="/" mapping="/**" />
	
	
	<!-- configure view resolver bean -->
	<bean id="viewResolver"
		class="org.springframework.web.servlet.view.InternalResourceViewResolver"
		p:prefix="/WEB-INF/views/" p:suffix=".jsp"
		p:viewClass="org.springframework.web.servlet.view.JstlView" />
		
		
		
	<!-- import hibernate persistence config file -->
	<import resource="classpath:/hibernate-persistence.xml" />
	
	 <bean id="multipartResolver"
		class="org.springframework.web.multipart.commons.CommonsMultipartResolver">
		<property name="maxUploadSize" value="-1" />
	</bean>
	 
	
</beans>
